1,remember,Stanley Drive,53,24
2,for,Martin Plains,84,30
3,particular,Morris Extension,62,37
4,attorney,Shepard Neck,95,19
5,provide,Moran Flats,4,10
6,television,Leslie Shoal,19,39
7,economic,Brian Parks,31,4
8,hundred,Nixon Mills,37,32
9,difficult,Calhoun Falls,46,13
10,wonder,Melissa Lakes,38,34
11,pretty,Brown Forge,29,12
12,cause,Maria Row,15,43
13,past,Katherine Crest,55,29
14,need,Frank Ranch,64,7
15,large,Wheeler Meadow,80,15
16,week,Paul Turnpike,10,46
17,certain,Wesley Roads,37,7
18,radio,Robert Plains,14,44
19,figure,Delgado Canyon,73,43
20,our,Morse Common,14,40
21,hand,Robin Divide,74,19
22,popular,Virginia Walks,16,6
23,still,Cassandra Common,99,5
24,claim,Sanders Wells,2,38
25,sea,Andrew Rapid,10,17
26,hold,Wang Trafficway,50,40
27,have,Lisa Street,21,25
28,minute,Christopher Shores,97,13
29,painting,Amy Grove,28,43
30,less,Victor Station,25,6
31,chance,Sheila Drives,58,27
32,conference,Gonzalez Drive,44,2
33,product,Natasha Knolls,79,40
34,notice,Fernandez Port,37,15
35,population,Taylor View,43,42
36,couple,Avery Spur,49,48
37,customer,Davis Turnpike,1,43
38,happy,Timothy Plains,70,3
39,maintain,Kim Springs,76,7
40,such,Judy Street,41,24
41,require,Ortega Crossroad,97,27
42,conference,Ramirez Lock,66,44
43,budget,Watkins Ports,52,42
44,commercial,Kyle Divide,19,47
45,picture,Myers Valley,79,10
46,view,Bennett Mission,35,49
47,ground,Jennifer Ramp,61,35
48,like,Kaufman Club,12,27
49,measure,Stewart Club,30,19
50,speak,Elizabeth Cliff,28,37
51,material,Leslie Branch,30,7
52,police,Mcdonald Mountain,39,21
53,eye,Lee Hollow,17,2
54,none,James Lights,85,50
55,affect,Scott Valley,50,30
56,score,Christine Passage,54,25
57,teach,Woods Skyway,69,17
58,of,Susan Lights,63,36
59,camera,Reynolds Trail,77,26
60,example,Robert Springs,87,11
61,turn,Garza Grove,84,18
62,carry,Stephen Mill,90,37
63,particular,Michelle Stream,58,32
64,spend,Clark Road,78,10
65,nor,Johnston Stream,5,1
66,hit,Vanessa Stream,15,12
67,moment,Catherine Brooks,80,22
68,change,Michelle Walk,55,23
69,indeed,Davis Harbor,71,37
70,window,Rodriguez Inlet,20,6
71,phone,Becky Mountain,94,24
72,professional,Monroe Lodge,36,11
73,section,Adrian Wall,51,19
74,include,Gonzalez Motorway,62,35
75,later,Matthew Course,22,38
76,much,Carter Brooks,79,34
77,already,Nguyen Oval,80,19
78,what,David Union,13,26
79,design,Bray Hills,2,18
80,process,Natasha Plains,62,8
81,possible,Gomez Roads,69,47
82,only,Kathy Overpass,54,21
83,compare,Savage Rest,10,44
84,sit,Villanueva Underpass,86,4
85,state,Mercer Estates,70,26
86,treatment,Bryan Forks,30,24
87,catch,Mitchell Ranch,55,23
88,hear,Bowman Drives,34,20
89,trial,Thomas Lake,87,44
90,local,Anderson Brooks,94,42
91,place,Amanda Place,22,18
92,move,Kristen Mountains,1,40
93,space,Mathis Forge,25,5
94,who,Steven Spur,6,48
95,much,Davis Islands,77,10
96,difference,Ruiz Street,18,4
97,against,Wallace Knolls,57,37
98,check,Young Crescent,86,29
99,phone,Christopher Mountain,73,22
100,call,Russell Point,80,6
101,stock,Jared Rest,35,39
102,organization,Ian Field,22,18
103,above,Cody Lodge,77,43
104,local,Nunez Lane,61,42
105,evidence,Cordova Shoal,28,28
106,idea,Oliver Mill,22,33
107,computer,James Lakes,30,42
108,arrive,Shannon Canyon,79,30
109,president,Steven Ways,55,40
110,executive,Lindsay Garden,86,18
111,trade,Hicks Trail,97,20
112,forget,Russell Haven,12,33
113,opportunity,Thomas Drive,92,21
114,article,Lamb Plaza,57,21
115,least,Kenneth Trace,23,23
116,everybody,Brittany Road,52,47
117,affect,Ramos Rapids,4,6
118,quickly,Sims Ports,26,49
119,policy,Rose Squares,92,39
120,use,Bishop Mall,70,32
121,herself,Bridget Forge,25,2
122,stuff,Michael Orchard,44,24
123,management,Poole Shoals,68,37
124,college,Ashley Stravenue,7,9
125,here,Jennifer Alley,4,9
126,central,Alisha Club,63,21
127,soon,Priscilla Village,32,14
128,skin,Hurley Ferry,87,45
129,natural,Kimberly Loaf,16,9
130,democratic,John Via,75,30
131,south,Monique Wall,35,28
132,upon,Anderson Road,75,1
133,west,Steven Freeway,12,12
134,form,Joshua Rue,63,44
135,cut,Cherry Trail,77,34
136,southern,Jennifer Forges,38,50
137,reflect,Davis Stravenue,39,34
138,growth,Jerry Glens,48,49
139,crime,Sanders Radial,38,19
140,TRUE,Lam Landing,28,42
141,enjoy,Gray Walks,75,48
142,really,Green Crescent,59,29
143,tend,Underwood Dam,43,14
144,else,Samantha Inlet,95,25
145,arm,Lawrence Ranch,31,31
146,skill,Helen Lakes,75,9
147,send,Troy Flats,100,35
148,new,Macdonald Burg,45,42
149,interest,Bush Ridges,32,9
150,that,Trevino Summit,88,4
151,sea,Scott Walks,35,29
152,rate,Jennifer Drive,20,20
153,sort,Scott Manor,84,6
154,town,Carter Highway,72,15
155,least,Brian Tunnel,25,16
156,fast,Brian Ferry,39,46
157,little,Steven Ramp,71,3
158,above,Tommy Lakes,10,46
159,left,Jones Common,40,11
160,question,Nicole Vista,6,34
161,establish,Maria Shoal,22,38
162,defense,Hensley Drive,63,29
163,own,Sarah Tunnel,53,49
164,door,Heather Grove,5,35
165,including,Thomas Meadow,50,50
166,test,Johnson Lights,23,15
167,dream,Higgins Drives,22,9
168,bring,Mary Shore,69,8
169,system,William Ridge,98,42
170,mouth,Christopher Plaza,2,24
171,son,Lynch Ramp,5,45
172,fill,Thomas Fork,38,10
173,week,Brittany Oval,67,26
174,she,Lambert Views,44,43
175,garden,Ballard Hill,57,22
176,pay,Ashley Points,20,9
177,can,Cynthia Wall,18,44
178,clear,Wallace Parkway,64,11
179,activity,Arnold Views,97,26
180,international,Cruz Fork,35,26
181,particular,Maxwell Mills,17,26
182,race,Ashley Islands,31,21
183,mind,Nicholas Village,72,6
184,cold,Michael Summit,100,3
185,just,Warren Views,37,26
186,more,Bowman Fork,98,31
187,own,Teresa Wall,51,2
188,rather,Danny Trace,99,46
189,theory,Garza Plains,13,5
190,too,Nathan Roads,33,46
191,important,Whitney Shore,51,20
192,pass,Mitchell Place,23,34
193,should,Bailey Views,37,47
194,kid,Matthew Landing,52,45
195,eat,Thomas Bridge,77,15
196,church,Tyler Shore,4,13
197,sing,Brown Turnpike,78,27
198,political,Jackson Street,48,41
199,coach,Smith Mission,3,18
200,quickly,Christopher Islands,26,28
201,animal,Alex Roads,12,3
202,main,Dixon Estate,72,12
203,catch,Shea Squares,48,39
204,at,Goodman Squares,45,39
205,brother,Darlene Court,18,35
206,along,Robert Center,14,20
207,talk,Reynolds Valleys,14,14
208,idea,Jessica Brook,41,35
209,miss,Erickson Knoll,32,9
210,bring,Martinez Brooks,70,3
211,discover,Johnson Plains,36,16
212,image,Contreras Prairie,99,20
213,test,Jennifer Canyon,86,20
214,maintain,Dean Glens,25,44
215,not,Hughes Trail,10,25
216,plan,Shepard Mission,90,24
217,attorney,Perez Ford,42,9
218,couple,Nathan Ford,2,18
219,blood,Garrison Club,77,9
220,its,James Trafficway,90,39
221,identify,Cathy Hills,98,7
222,make,Keith Lodge,66,5
223,short,Burton Shoals,84,34
224,help,Howard Spurs,32,50
225,road,Potter Vista,27,35
226,art,Gonzalez Plain,97,35
227,side,Johnson Branch,6,46
228,issue,Jessica Oval,89,48
229,response,Baker Divide,74,24
230,pay,Mendoza Roads,83,26
231,song,Alan Radial,28,27
232,education,Nichols Centers,45,20
233,marriage,Justin Rue,52,47
234,before,Thompson Valley,42,15
235,clear,Jennifer Tunnel,57,27
236,more,Phillips Square,5,40
237,along,Price Flats,4,39
238,many,David Burg,96,27
239,area,Stone Islands,83,41
240,final,Jason Cape,89,15
241,stop,Meza Walks,48,40
242,woman,Justin Square,94,49
243,serious,Barbara Roads,5,3
244,surface,Sean Plains,57,2
245,either,Chandler Radial,78,4
246,capital,Morgan Extension,51,24
247,hear,Williams Trace,17,49
248,hour,Wallace Wells,21,29
249,anyone,Garcia Course,33,12
250,put,Austin Way,25,27
251,eat,Medina Prairie,50,21
252,new,David Plaza,14,20
253,order,Brock Circle,85,43
254,religious,Porter Estates,2,37
255,none,Johnson Points,50,48
256,about,Matthew Courts,70,32
257,light,Mora Plaza,38,27
258,send,Joseph Field,74,27
259,structure,Lori Isle,83,18
260,thousand,Anthony Mount,85,7
261,arm,Lucas Motorway,86,25
262,would,Amy Way,30,29
263,fine,Jill Neck,99,4
264,crime,Steven Place,13,1
265,control,William Plaza,51,19
266,itself,Bush Harbors,71,36
267,serve,Thomas Ford,91,32
268,rate,Ruth Crest,34,40
269,record,Brooks Path,71,18
270,drop,Pacheco Ridges,15,9
271,international,Nguyen Fort,15,28
272,type,Avila Courts,65,3
273,visit,Brandon Village,89,3
274,front,Stephanie Garden,92,27
275,easy,Patricia Prairie,63,1
276,business,Horton Court,31,32
277,laugh,Kaitlyn Lake,18,30
278,right,Kathy Road,16,7
279,image,Norma Motorway,31,3
280,eat,Ward Road,23,37
281,industry,Barry Centers,72,21
282,feel,Laura Drives,51,46
283,once,Sandra Hollow,10,20
284,support,Krystal Stravenue,44,50
285,support,Moore Flats,50,46
286,often,Galvan Pass,27,32
287,fear,Webster Station,90,18
288,citizen,Sampson Stravenue,21,19
289,several,Crosby Valleys,68,3
290,pattern,David Islands,92,1
291,choose,Ann Valleys,100,29
292,seven,Huerta Lakes,77,36
293,me,Lindsay Isle,72,37
294,character,Charles Station,7,18
295,whether,Dalton Path,22,18
296,short,Clinton Wells,51,40
297,become,Dennis Extensions,71,33
298,difference,Lisa Harbors,38,13
299,watch,Jessica Lights,96,4
300,painting,Charles Fall,91,19
301,ahead,Matthew Road,19,37
302,girl,Martinez Stravenue,95,26
303,may,Davila Valley,16,37
304,rest,Diaz Lodge,25,41
305,throughout,Pamela Walk,60,44
306,either,Timothy Shoals,88,31
307,likely,Jordan Village,85,31
308,physical,Olsen Greens,34,9
309,understand,Scott Villages,71,10
310,general,Steven Land,52,17
311,fast,Erin Valley,77,49
312,road,Oliver Station,42,50
313,including,Dudley Mount,81,32
314,sister,Christopher Shoal,5,36
315,generation,Miranda Camp,31,3
316,this,Gaines Mall,67,15
317,from,Moore Rapid,55,21
318,without,Copeland Keys,89,31
319,instead,Li Fords,13,35
320,majority,Gloria Manors,39,45
321,me,Avery Shore,56,20
322,his,Frank Well,78,19
323,hand,Tracy Wall,65,37
324,sometimes,Clark Mission,30,11
325,deep,William Track,39,25
326,power,Denise Square,53,7
327,third,Fisher Gardens,94,26
328,according,Peterson Port,35,21
329,force,Michael Forges,66,5
330,usually,Cruz Rapids,15,3
331,my,Gates Valley,49,10
332,opportunity,Meza Grove,77,19
333,popular,Adams Rapid,26,5
334,former,Allison Summit,58,44
335,data,Holly Cape,37,31
336,eat,Johnson Place,52,47
337,set,Simmons Points,9,5
338,perhaps,Barber Streets,98,26
339,middle,Austin Extensions,16,37
340,tell,Miller Mission,3,9
341,radio,Smith Gateway,93,7
342,development,Wheeler Mountain,70,46
343,admit,Howard Lodge,69,17
344,total,Brandon Crest,35,20
345,there,Smith Turnpike,58,14
346,common,Thomas Key,10,28
347,game,Jones Rest,92,38
348,little,Patrick Cliff,77,45
349,per,Davies Rapids,76,44
350,last,Ashley Camp,37,42
351,teacher,Sheppard Knoll,74,47
352,PM,Franco Creek,83,26
353,how,Amanda Radial,24,10
354,arrive,Myers Path,98,10
355,strong,Lee Forest,21,36
356,day,Nelson Drive,24,2
357,memory,Edwards Plain,71,38
358,realize,Johnson Springs,72,33
359,reason,Hunter Meadow,93,49
360,collection,Middleton Hill,81,29
361,side,Julie Ports,5,39
362,effort,Young Curve,59,31
363,adult,Richard Views,22,1
364,hundred,Jackson Gardens,51,43
365,story,Scott Park,18,50
366,soon,David Way,9,33
367,whose,Jennifer Mountains,59,25
368,majority,Jennifer Alley,22,1
369,smile,Andrade Overpass,34,33
370,thing,Wright Forest,28,1
371,rock,Oneal Mill,9,29
372,us,Acosta Vista,37,42
373,debate,Roman Meadows,37,24
374,step,Greg Rapid,5,5
375,paper,Jensen Isle,60,7
376,standard,Warren Shoals,50,11
377,knowledge,Henry Fork,3,34
378,ball,Andrews Turnpike,97,20
379,position,Hutchinson Plaza,39,1
380,health,Bray Village,61,35
381,fact,Richard Oval,98,29
382,manage,Monica Plaza,12,33
383,trouble,Leach Oval,29,25
384,they,Barr Harbors,95,21
385,plant,Obrien Drives,76,33
386,at,Perry Common,80,15
387,majority,Christine Dam,93,11
388,approach,Thomas Hill,80,19
389,according,Kristine Center,58,49
390,forward,Lee Fork,79,23
391,behavior,David Lights,87,37
392,American,Matthew Loaf,82,10
393,mention,Martin Road,74,46
394,of,Pena Walks,93,19
395,pattern,Yang Track,76,36
396,sell,Mack Mountain,82,50
397,quickly,Klein Walk,19,35
398,away,Joseph Wall,58,27
399,cut,Rivers Prairie,66,21
400,resource,Clarence Green,76,49
